Workbook
Name Slicer_ticker: #N/A
Name Slicer_ticker1: #N/A

Sheet Overview
A1: end_price | B1: max_price | C1: min_price | D1: total_return_pct
A2: 250.6 | B2: 257.38 | C2: 54.16 | D2: 246.47
A3: 420.76 | B3: 461.32 | C3: 128.64 | D3: 176.52
A4: 230.28 | B4: 235.83 | C4: 76.7 | D4: 111.44
A5: 417.41 | B5: 479.86 | C5: 24.08 | D5: 1355.4

Sheet RawData
A1: date | B1: open_price | C1: high | D1: low | E1: close | F1: volume | G1: ticker
A2: 43832 | B2: 71.344047 | C2: 72.394078 | D2: 71.091176 | E2: 72.33387 | F2: 135480400 | G2: AAPL
A3: 43833 | B3: 71.563228 | C3: 72.38928 | D3: 71.406689 | E3: 71.630661 | F3: 146322800 | G3: AAPL
A4: 43836 | B4: 70.754036 | C4: 72.239965 | D4: 70.503569 | E4: 72.201431 | F4: 118387200 | G4: AAPL
A5: 43837 | B5: 72.211049 | C5: 72.46633 | D5: 71.642689 | E5: 71.861847 | F5: 108872000 | G5: AAPL
A6: 43838 | B6: 71.565621 | C6: 73.318877 | D6: 71.565621 | E6: 73.017838 | F6: 132079200 | G6: AAPL
A7: 43839 | B7: 73.993202 | C7: 74.761457 | D7: 73.742742 | E7: 74.568794 | F7: 170108400 | G7: AAPL
A8: 43840 | B8: 74.802418 | C8: 75.300942 | D8: 74.236461 | E8: 74.737389 | F8: 140644800 | G8: AAPL
A9: 43843 | B9: 75.052871 | C9: 76.360587 | D9: 74.934858 | E9: 76.334091 | F9: 121532000 | G9: AAPL
A10: 43844 | B10: 76.271502 | C10: 76.481024 | D10: 75.180533 | E10: 75.303352 | F10: 161954400 | G10: AAPL
A11: 43845 | B11: 75.103456 | C11: 75.982491 | D11: 74.549538 | E11: 74.980629 | F11: 121923600 | G11: AAPL
A12: 43846 | B12: 75.522474 | C12: 76.030634 | D12: 75.161227 | E12: 75.919846 | F12: 108829200 | G12: AAPL
A13: 43847 | B13: 76.167901 | C13: 76.762756 | D13: 75.862047 | E13: 76.760353 | F13: 137816400 | G13: AAPL
... A5047: 45656 | B5047: 232.4677 | C5047: 232.4677 | D5047: 229.73909 | E5047: 230.27507 | F5047: 723232 | G5047: SAP.DE

Sheet Metrics
A1: date | B1: ticker | C1: MA_7 | D1: MA_30 | E1: MA_90 | F1: return | G1: volatility
A2: 43839 | B2: AAPL | C2: 72.602407 | D2: 72.602407 | E2: 72.602407 | F2: 2.1240792 | G2: 1.3223749
A3: 43840 | B3: AAPL | C3: 72.907404 | D3: 72.907404 | E3: 72.907404 | F3: 0.22609238 | G3: 1.193508
A4: 43843 | B4: AAPL | C4: 73.478864 | D4: 73.33574 | E4: 73.33574 | F4: 2.1364174 | G4: 1.2432183
A5: 43844 | B5: AAPL | C5: 74.003535 | D5: 73.554364 | E5: 73.554364 | F5: -1.3502995 | G5: 1.3752344
A6: 43845 | B6: AAPL | C6: 74.400563 | D6: 73.69699 | E6: 73.69699 | F6: -0.42856444 | G6: 1.3241002
A7: 43846 | B7: AAPL | C7: 74.980277 | D7: 73.899068 | E7: 73.899068 | F7: 1.2526123 | G7: 1.2766356
A8: 43847 | B8: AAPL | C8: 75.514922 | D8: 74.137508 | E8: 74.137508 | F8: 1.1070985 | G8: 1.2252253
A9: 43851 | B9: AAPL | C9: 75.75369 | D9: 74.299252 | E9: 74.299252 | F9: -0.67766722 | G9: 1.2206306
A10: 43852 | B10: AAPL | C10: 76.007252 | D10: 74.457328 | E10: 74.457328 | F10: 0.35696159 | G10: 1.1689261
A11: 43853 | B11: AAPL | C11: 76.08535 | D11: 74.618891 | E11: 74.618891 | F11: 0.48156163 | G11: 1.1231249
A12: 43854 | B12: AAPL | C12: 76.279046 | D12: 74.746412 | E12: 74.746412 | F12: -0.28817346 | G12: 1.0985786
A13: 43857 | B13: AAPL | C13: 76.196817 | D13: 74.72633 | E13: 74.72633 | F13: -2.9405512 | G13: 1.3495096
... A5027: 45656 | B5027: TSLA | C5027: 436.18715 | D5027: 390.86367 | E5027: 293.00478 | F5027: -3.3012093 | G5027: 3.7692231

Sheet ChartData
A1: Date | B1: AAPL | C1: MSFT | D1: SAP | E1: TSLA
A2: =RawData!A2 -> 43832 | B2: =RawData!E2 -> 72.33387 | C2: =RawData!E2516 -> 152.15843 | D2: =RawData!E3773 -> 108.9145 | E2: =RawData!E1259 -> 28.684
A3: =RawData!A3 -> 43833 | B3: =RawData!E3 -> 71.630661 | C3: =RawData!E2517 -> 150.26373 | D3: =RawData!E3774 -> 107.53967 | E3: =RawData!E1260 -> 29.534
A4: =RawData!A4 -> 43836 | B4: =RawData!E4 -> 72.201431 | C4: =RawData!E2518 -> 150.65215 | D4: =RawData!E3775 -> 106.73621 | E4: =RawData!E1261 -> 30.102667
A5: =RawData!A5 -> 43837 | B5: =RawData!E5 -> 71.861847 | C5: =RawData!E2519 -> 149.27855 | D5: =RawData!E3776 -> 107.21828 | E5: =RawData!E1262 -> 31.270666
A6: =RawData!A6 -> 43838 | B6: =RawData!E6 -> 73.017838 | C6: =RawData!E2520 -> 151.6563 | D6: =RawData!E3777 -> 107.86106 | E6: =RawData!E1263 -> 32.809334
A7: =RawData!A7 -> 43839 | B7: =RawData!E7 -> 74.568794 | C7: =RawData!E2521 -> 153.55098 | D7: =RawData!E3778 -> 109.95008 | E7: =RawData!E1264 -> 32.089333
A8: =RawData!A8 -> 43840 | B8: =RawData!E8 -> 74.737389 | C8: =RawData!E2522 -> 152.84048 | D8: =RawData!E3779 -> 110.48572 | E8: =RawData!E1265 -> 31.876667
A9: =RawData!A9 -> 43843 | B9: =RawData!E9 -> 76.334091 | C9: =RawData!E2523 -> 154.67824 | D9: =RawData!E3780 -> 110.48572 | E9: =RawData!E1266 -> 34.990665
A10: =RawData!A10 -> 43844 | B10: =RawData!E10 -> 75.303352 | C10: =RawData!E2524 -> 153.58887 | D10: =RawData!E3781 -> 110.34288 | E10: =RawData!E1267 -> 35.861332
A11: =RawData!A11 -> 43845 | B11: =RawData!E11 -> 74.980629 | C11: =RawData!E2525 -> 154.58354 | D11: =RawData!E3782 -> 109.80724 | E11: =RawData!E1268 -> 34.566666
A12: =RawData!A12 -> 43846 | B12: =RawData!E12 -> 75.919846 | C12: =RawData!E2526 -> 157.41606 | D12: =RawData!E3783 -> 109.3073 | E12: =RawData!E1269 -> 34.232666
A13: =RawData!A13 -> 43847 | B13: =RawData!E13 -> 76.760353 | C13: =RawData!E2527 -> 158.29704 | D13: =RawData!E3784 -> 112.44975 | E13: =RawData!E1270 -> 34.033333
... A1258: =RawData!A1258 -> 45656 | B1258: =RawData!E1258 -> 250.59891 | C1258: =RawData!E3772 -> 420.7587 | D1258: =RawData!E5029 -> 219.16573 | E1258: =RawData!E2515 -> 417.41

Sheet _pivot
A1: Average of close | B1: ticker
A2: date | B2: AAPL | C2: MSFT | D2: SAP.DE | E2: TSLA
A3: 43832 | B3: 72.33387 | C3: 152.15843 | D3: 108.9145 | E3: 28.684
A4: 43833 | B4: 71.630661 | C4: 150.26373 | D4: 107.53967 | E4: 29.534
A5: 43836 | B5: 72.201431 | C5: 150.65215 | D5: 106.73621 | E5: 30.102667
A6: 43837 | B6: 71.861847 | C6: 149.27855 | D6: 107.21828 | E6: 31.270666
A7: 43838 | B7: 73.017838 | C7: 151.6563 | D7: 107.86106 | E7: 32.809334
A8: 43839 | B8: 74.568794 | C8: 153.55098 | D8: 109.95008 | E8: 32.089333
A9: 43840 | B9: 74.737389 | C9: 152.84048 | D9: 110.48572 | E9: 31.876667
A10: 43843 | B10: 76.334091 | C10: 154.67824 | D10: 110.48572 | E10: 34.990665
A11: 43844 | B11: 75.303352 | C11: 153.58887 | D11: 110.34288 | E11: 35.861332
A12: 43845 | B12: 74.980629 | C12: 154.58354 | D12: 109.80724 | E12: 34.566666
A13: 43846 | B13: 75.919846 | C13: 157.41606 | D13: 109.3073 | E13: 34.232666
A14: 43847 | B14: 76.760353 | C14: 158.29704 | D14: 112.44975 | E14: 34.033333
A15: 43850 | D15: 112.18194
A16: 43851 | B16: 76.240173 | C16: 157.72864 | D16: 112.664 | E16: 36.48
A17: 43852 | B17: 76.512321 | C17: 156.97078 | D17: 113.0211 | E17: 37.970669
A18: 43853 | B18: 76.880775 | C18: 157.93704 | D18: 110.55714 | E18: 38.146667
A19: 43854 | B19: 76.659225 | C19: 156.34552 | D19: 113.28893 | E19: 37.654667
A20: 43857 | B20: 74.405022 | C20: 153.73094 | D20: 109.32515 | E20: 37.201332
A21: 43858 | B21: 76.50988 | C21: 156.74341 | D21: 106.98616 | E21: 37.793331
A22: 43859 | B22: 78.111435 | C22: 159.18747 | D22: 107.12901 | E22: 38.732666
A23: 43860 | B23: 77.998253 | C23: 163.67778 | D23: 105.50421 | E23: 42.720669
A24: 43861 | B24: 74.539886 | C24: 161.26213 | D24: 105.18284 | E24: 43.371334
A25: 43864 | B25: 74.33519 | C25: 165.1935 | D25: 107.12901 | E25: 52
A26: 43865 | B26: 76.789268 | C26: 170.63113 | D26: 109.78938 | E26: 59.137333
A27: 43866 | B27: 77.415451 | C27: 170.4227 | D27: 111.23562 | E27: 48.98
... A34: 43875 | B34: 78.444077 | C34: 175.58562 | D34: 113.5032 | E34: 53.335335
A35: 43878 | D35: 113.7353
A36: 43879 | B36: 77.007706 | C36: 177.36656 | D36: 113.66389 | E36: 57.226665
A37: 43880 | B37: 78.123001 | C37: 177.89848 | D37: 115.55651 | E37: 61.161331
A38: 43881 | B38: 77.321548 | C38: 175.18178 | D38: 114.09241 | E38: 59.960667
A39: 43882 | B39: 75.571358 | C39: 169.64384 | D39: 112.6283 | E39: 60.066666
A40: 43885 | B40: 71.981697 | C40: 162.32951 | D40: 108.23602 | E40: 55.585999
A41: 43886 | B41: 69.543526 | C41: 159.65082 | D41: 106.48624 | E41: 53.327332
A42: 43887 | B42: 70.646721 | C42: 161.6456 | D42: 106.02201 | E42: 51.919998
A43: 43888 | B43: 66.028679 | C43: 150.25623 | D43: 103.14738 | E43: 45.266666
A44: 43889 | B44: 65.990067 | C44: 153.89439 | D44: 99.594276 | E44: 44.532665
A45: 43892 | B45: 72.133774 | C45: 164.13435 | D45: 99.09433 | E45: 49.574669
A46: 43893 | B46: 69.842865 | C46: 156.26917 | D46: 100.82626 | E46: 49.700668
A47: 43894 | B47: 73.082481 | C47: 162.00659 | D47: 99.540703 | E47: 49.966667
... A73: 43930 | B73: 64.693718 | C73: 156.86755 | D73: 98.201599 | E73: 38.200001
A74: 43934 | B74: 65.963509 | C74: 157.21906 | E74: 43.396667
A75: 43935 | B75: 69.294876 | C75: 164.99876 | D75: 99.987076 | E75: 47.326
A76: 43936 | B76: 68.662399 | C76: 163.26999 | D76: 96.683937 | E76: 48.655334
A77: 43937 | B77: 69.20797 | C77: 168.17145 | D77: 98.290871 | E77: 49.680668
A78: 43938 | B78: 68.268906 | C78: 169.65329 | D78: 100.93339 | E78: 50.259335
A79: 43941 | B79: 66.85186 | C79: 166.29065 | D79: 101.54044 | E79: 49.757332
A80: 43942 | B80: 64.785469 | C80: 159.41333 | D80: 94.880592 | E80: 45.781334
A81: 43943 | B81: 66.651505 | C81: 164.82782 | D81: 96.630379 | E81: 48.807335
A82: 43944 | B82: 66.393211 | C82: 162.83298 | D82: 96.523247 | E82: 47.042
A83: 43945 | B83: 68.309944 | C83: 165.80615 | D83: 95.237701 | E83: 48.343334
A84: 43948 | B84: 68.358238 | C84: 165.33127 | D84: 96.237564 | E84: 53.25
A85: 43949 | B85: 67.250191 | C85: 161.3036 | D85: 97.166 | E85: 51.274666
A86: 43950 | B86: 69.459023 | C86: 168.54193 | D86: 98.023056 | E86: 53.367332
A87: 43951 | B87: 70.924362 | C87: 170.23279 | D87: 97.25528 | E87: 52.125332
A88: 43952 | B88: 69.782516 | C88: 165.82521 | E88: 46.754665
A89: 43955 | B89: 70.769859 | C89: 169.88129 | D89: 95.416237 | E89: 50.745998
A90: 43956 | B90: 71.832031 | C90: 171.70511 | D90: 96.808922 | E90: 51.214001
A91: 43957 | B91: 72.573135 | C91: 173.396 | D91: 94.005722 | E91: 52.172001
A92: 43958 | B92: 73.323921 | C92: 174.40285 | D92: 95.826897 | E92: 52.002666
A93: 43959 | B93: 75.06913 | C93: 175.42874 | D93: 96.183998 | E93: 54.627998
A94: 43962 | B94: 76.250389 | C94: 177.38559 | D94: 95.201981 | E94: 54.085999
A95: 43963 | B95: 75.378967 | C95: 173.36743 | D95: 95.398376 | E95: 53.960667
A96: 43964 | B96: 74.468834 | C96: 170.74573 | D96: 94.63063 | E96: 52.730667
A97: 43965 | B97: 74.926315 | C97: 171.48665 | D97: 92.755867 | E97: 53.555332
A98: 43966 | B98: 74.483353 | C98: 173.98491 | D98: 92.613022 | E98: 53.278
A99: 43969 | B99: 76.238251 | C99: 175.64726 | D99: 95.844765 | E99: 54.242001
A100: 43970 | B100: 75.797745 | C100: 174.43134 | D100: 96.487534 | E100: 53.867332
... A103: 43973 | B103: 77.18956 | C103: 174.80284 | D103: 96.351318 | E103: 54.458668
A104: 43976 | D104: 101.07922
A105: 43977 | B105: 76.66671 | C105: 172.95491 | D105: 100.51767 | E105: 54.591331
A106: 43978 | B106: 77.000732 | C106: 173.18352 | D106: 101.29658 | E106: 54.681999
A107: 43979 | B107: 77.03463 | C107: 172.79295 | D107: 101.98494 | E107: 53.720669
A108: 43980 | B108: 76.959587 | C108: 174.55518 | D108: 102.80009 | E108: 55.666668
A109: 43983 | B109: 77.906036 | C109: 174.15515 | E109: 59.873333
A110: 43984 | B110: 78.266701 | C110: 176.13641 | D110: 105.01006 | E110: 58.770668
A111: 43985 | B111: 78.697578 | C111: 176.56506 | D111: 107.81783 | E111: 58.863998
A112: 43986 | B112: 78.019814 | C112: 174.24078 | D112: 108.32503 | E112: 57.625332
A113: 43987 | B113: 80.241875 | C113: 178.31776 | D113: 109.71986 | E113: 59.043999
A114: 43990 | B114: 80.716316 | C114: 179.42274 | D114: 108.88658 | E114: 63.327999
A115: 43991 | B115: 83.265175 | C115: 180.79439 | D115: 109.30322 | E115: 62.711334
A116: 43992 | B116: 85.407387 | C116: 187.50034 | D116: 109.10395 | E116: 68.33667
A117: 43993 | B117: 81.306938 | C117: 177.43192 | D117: 105.40858 | E117: 64.856003
A118: 43994 | B118: 82.008888 | C118: 178.83217 | D118: 104.4304 | E118: 62.352001
A119: 43997 | B119: 83.023117 | C119: 179.97519 | D119: 103.57902 | E119: 66.059998
A120: 43998 | B120: 85.223427 | C120: 184.38557 | D120: 107.61857 | E120: 65.475334
A121: 43999 | B121: 85.104805 | C121: 185.02376 | D121: 108.9047 | E121: 66.119331
... A132: 44014 | B132: 88.135376 | C132: 196.47339 | D132: 115.6252 | E132: 80.577332
A133: 44015 | D133: 115.55275
A134: 44018 | B134: 90.492989 | C134: 200.70274 | D134: 118.39672 | E134: 91.438667
A135: 44019 | B135: 90.212219 | C135: 198.36899 | D135: 116.63962 | E135: 92.657333
A136: 44020 | B136: 92.313271 | C136: 202.73169 | D136: 116.63962 | E136: 91.05867
A137: 44021 | B137: 92.710258 | C137: 204.151 | D137: 121.9834 | E137: 92.952003
A138: 44022 | B138: 92.872429 | C138: 203.53183 | D138: 122.30946 | E138: 102.97667
A139: 44025 | B139: 92.443985 | C139: 197.24496 | D139: 124.55568 | E139: 99.804001
A140: 44026 | B140: 93.973778 | C140: 198.46425 | D140: 121.31316 | E140: 101.12
A141: 44027 | B141: 94.620079 | C141: 198.16896 | D141: 124.39262 | E141: 103.06733
A142: 44028 | B142: 93.45578 | C142: 194.24445 | D142: 122.68987 | E142: 100.04266
A143: 44029 | B143: 93.266975 | C143: 193.2538 | D143: 123.08838 | E143: 100.056
...
